title,video_id,publishedAt
【FINAL FANTASY VII REMAKE】 #7 ピーターの実況 ファイナルファンタジー VII,A-Qn5L5oT-E,2020-04-28T03:00:02.000Z
ピーターの反応 【はめふら】 4話 乙女ゲームの破滅フラグしかない悪役令嬢に転生してしまった ep 4 アニメリアクション,U_KRI7LZW4Q,2020-04-27T09:00:28.000Z
【海外の反応 アニメ】 HELLSING OVA 8話 パート 2-2 アニメリアクション,uCR3HjL5Bic,2020-04-27T08:00:30.000Z
ピーターの反応 【かぐや様は告らせたい】2期 3話 Kaguya-sama ss 2 ep 3 アニメリアクション,osNwu-aeloQ,2020-04-27T08:00:30.000Z
【FINAL FANTASY VII REMAKE】 #6 ピーターの実況 ファイナルファンタジー VII,-0IU470zQKQ,2020-04-27T03:00:00.000Z
デジタルモンスターズ？？4月27日週の投稿スケジュール！,L7XfGXHo8YU,2020-04-26T07:56:42.000Z
【海外の反応 アニメ】 ヨルムンガンド 2期 5話 Jormungand ep ss2 5 アニメリアクション,mlwh1wNEHbE,2020-04-26T03:00:12.000Z
【海外の反応 アニメ】 ロード エルメロイii 世の事件簿 4話 Lord El-Melloi ep 4 アニメリアクション,T-lZNTR2Jf0,2020-04-26T03:00:13.000Z
【海外の反応 アニメ】アインツベルン相談室 6話 アニメリアクション,aW-yfJwERas,2020-04-26T00:00:01.000Z
ピーターの反応 【八男ってそれはないでしょう】 4話 8th son ep 4 アニメリアクション,7aZbRe5eyFc,2020-04-25T06:00:02.000Z
ピーターの反応 【かくしごと】 4話 Kakushigoto ep 4 アニメリアクション,i683EKFEJPc,2020-04-25T03:00:10.000Z
【海外の反応 アニメ】 少女終末旅行 6話 Girls&#39; Last Tour ep 6 アニメリアクション,RcQTRJgcJJU,2020-04-25T00:00:06.000Z
ピーターのなんちゃって梅酒ライブ！,zdW0eLZB6Yg,2020-04-24T15:29:03.000Z
ピーターの反応 【神之塔】 3話 Tower of God ep 3 アニメリアクション,Mkkm3LSTBVA,2020-04-24T09:00:10.000Z
ピーターの反応 【BNA】 4話 アニメリアクション,dCF1GyL_-hs,2020-04-24T08:00:16.000Z
【FINAL FANTASY VII REMAKE】 #5 ピーターの実況 ファイナルファンタジー VII,v25VDFqyPak,2020-04-24T03:00:28.000Z
【海外の反応 アニメ】 夏目友人帳 10話  Natsume Book of Friends 10 アニメリアクション,cBy3f6Vga4Y,2020-04-23T09:00:15.000Z
【バイオハザード RE2】 #13 シェリーのベリー・バッド・デイ クレア実況  外人の日本語実況 【ピーター】【海外版】 Biohazard Resident Evil 2,RNibYVE28w0,2020-04-23T08:30:02.000Z
【バイオハザード RE2】 #12 変態ロンジャケおじさんが若い女性を追行 ザ・ムービー クレア実況  外人の日本語実況 【ピーター】【海外版】 Biohazard Resident Evil 2,sRcf7JV6IDw,2020-04-23T08:00:30.000Z
【FINAL FANTASY VII REMAKE】 #4 ピーターの実況 ファイナルファンタジー VII,3F5uguKuF7o,2020-04-23T03:00:00.000Z
【海外の反応 アニメ】 HELLSING OVA 8話 パート 1-2 アニメリアクション,9dCThGP0r6E,2020-04-22T09:22:45.000Z
【FINAL FANTASY VII REMAKE】 #3 ピーターの実況 ファイナルファンタジー VII,B35-o7dr8jw,2020-04-22T03:00:04.000Z
ピーターの反応 【Gleipnir】 3話 グレイプニル ep 3 アニメリアクション,-q0csIw1jiA,2020-04-21T20:00:02.000Z
【海外の反応 アニメ】アインツベルン相談室 5話 アニメリアクション,thwH08qTx-c,2020-04-21T09:14:58.000Z
"ピーターの反応 【波よ聞いてくれ】 2話 Wave, Listen to Me! ep 2 アニメリアクション",hq80kVOfK10,2020-04-21T08:00:25.000Z
【FINAL FANTASY VII REMAKE】 #2 ピーターの実況 ファイナルファンタジー VII,rrQkmdVbdsA,2020-04-21T03:00:15.000Z
ピーターの反応 【はめふら】 3話 乙女ゲームの破滅フラグしかない悪役令嬢に転生してしまった ep 3 アニメリアクション,EeuxkJJD9BY,2020-04-20T09:00:06.000Z
ピーターの反応 【かぐや様は告らせたい】2期 2話 Kaguya-sama ss 2 ep 2 アニメリアクション,LQLaApnZszU,2020-04-20T08:00:10.000Z
【FINAL FANTASY VII REMAKE】 #1 ピーターの実況 ファイナルファンタジー VII,kf3uKDWglio,2020-04-20T03:00:31.000Z
ファイナル的なファンタジー的なゲームやりたいな・・,-IYp4SHsXW8,2020-04-19T09:24:47.000Z
【海外の反応 アニメ】 ヨルムンガンド 2期 4話 Jormungand ep ss2 4 アニメリアクション,v-QZ9q7Ed9s,2020-04-19T06:00:26.000Z
【海外の反応 アニメ】 ロード エルメロイii 世の事件簿 3話 Lord El-Melloi ep 3 アニメリアクション,P9O7GiYOvog,2020-04-19T03:00:06.000Z
ピーターの反応 【かくしごと】 3話 Kakushigoto ep 3 アニメリアクション,bbam2JM0G9A,2020-04-19T00:00:07.000Z
ピーターの反応 【八男ってそれはないでしょう】 3話 8th son ep 3 アニメリアクション,OxctXS0waFo,2020-04-18T06:00:03.000Z
ピーターの反応 【富豪刑事】 2話 Fugo Keiji ep 2 アニメリアクション,ZyZ0qepLtCk,2020-04-18T03:00:09.000Z
【海外の反応 アニメ】 少女終末旅行 5話 Girls&#39; Last Tour ep 5 アニメリアクション,Mgi0fwVqOCQ,2020-04-18T00:00:08.000Z
ピーターの反応 【神之塔】 2話 Tower of God ep 2 アニメリアクション,H8IZ8bECzuI,2020-04-17T09:00:13.000Z
ピーターの反応 【BNA】 3話 アニメリアクション,_4224EjxSEE,2020-04-17T08:00:15.000Z
【バイオハザード RE:3】 Hardcore Z-版 #13 ピーターの実況,PDH0Pzh0R5Y,2020-04-17T03:00:15.000Z
【海外の反応 アニメ】 夏目友人帳 9話  Natsume Book of Friends 9 アニメリアクション,5TAHNJD5y4U,2020-04-16T09:00:02.000Z
【バイオハザード RE2】 #10 追いかけてくるなスケベロンジャケ野郎 クレア実況  外人の日本語実況 【ピーター】【海外版】 Biohazard Resident Evil 2,wr3zKg4yu8Y,2020-04-16T08:00:17.000Z
【バイオハザード RE:3】 Hardcore Z-版 #12 ピーターの実況,94dZ590Yo4A,2020-04-16T03:00:00.000Z
【海外の反応 アニメ】 HELLSING OVA 7話 パート 2/2 アニメリアクション,SUNSOZfnhZ8,2020-04-15T09:00:13.000Z
ピーターの反応 【Gleipnir】 2話 グレイプニル ep 2 アニメリアクション,-6xwM4ypR-Y,2020-04-15T08:00:01.000Z
【バイオハザード RE:3】 Hardcore Z-版 #11 ピーターの実況,6W8nYPhsj3k,2020-04-15T03:00:00.000Z
ピーターの反応 【かくしごと】 2話 Kakushigoto ep 2 アニメリアクション,wKdNErPQ19U,2020-04-14T09:00:21.000Z
"ピーターの反応 【波よ聞いてくれ】 1話 Wave, Listen to Me! ep 1アニメリアクション",U5yvX-2taDs,2020-04-14T08:00:13.000Z
【バイオハザード RE:3】 Hardcore Z-版 #10 ピーターの実況,PNzLv47nfYQ,2020-04-14T03:00:10.000Z
ピーターの反応 【はめふら】 2話 乙女ゲームの破滅フラグしかない悪役令嬢に転生してしまった ep 2 アニメリアクション,wO9W9MUjDnM,2020-04-13T09:00:34.000Z
ピーターの反応 【かぐや様は告らせたい】2期 1話 Kaguya-sama ss 2 ep 1 アニメリアクション,GnURdYhUgz0,2020-04-13T08:00:06.000Z
【バイオハザード RE:3】 Hardcore Z-版 #9 ピーターの実況,pbe1q0oz9Y0,2020-04-13T03:00:08.000Z
アニメ選別！【投スケ4月13日週】,F-XueNBzXHw,2020-04-13T00:16:13.000Z
【海外の反応 アニメ】 HELLSING OVA 7話 パート 1/2 アニメリアクション,y54r_j_lUD8,2020-04-12T06:00:08.000Z
【海外の反応 アニメ】 ヨルムンガンド 2期 3話 Jormungand ep ss2 3 アニメリアクション,po_U8aw9EBY,2020-04-12T03:00:13.000Z
【海外の反応 アニメ】 ロード エルメロイii 世の事件簿 2話 Lord El-Melloi ep 2 アニメリアクション,ohkvor07GX0,2020-04-12T00:00:11.000Z
ピーターの反応 【八男ってそれはないでしょう】 2話 8th son ep 2 アニメリアクション,oe_O2o2hj3c,2020-04-11T06:00:20.000Z
ピーターの反応 【富豪刑事】 1話 Fugo Keiji ep 1アニメリアクション,cJbUqgurJ0s,2020-04-11T03:00:06.000Z
ピーターの反応 【神之塔】 1話 Tower of God ep 1 アニメリアクション,MNoPvLal_Nc,2020-04-10T09:00:17.000Z
ピーターの反応 【BNA】 2話 アニメリアクション,KI08mcT9llg,2020-04-10T08:00:13.000Z
【海外の反応 アニメ】 夏目友人帳 8話  Natsume Book of Friends 8 アニメリアクション,Q-bCpxV9C-A,2020-04-09T09:00:24.000Z
【バイオハザード RE2】 #9 弾がないのにリッカーに愛されるのつらたん クレア実況  外人の日本語実況 【ピーター】【海外版】 Biohazard Resident Evil 2,3YGshI87Ses,2020-04-09T08:30:00.000Z
【バイオハザード RE:3】 Hardcore Z-版 #7 ピーターの実況,IKqMC8fkUMM,2020-04-09T03:00:00.000Z
ピーターの反応 【かくしごと】 1話 Kakushigoto ep 1 アニメリアクション,ZKfkQl2T340,2020-04-08T09:00:11.000Z
ピーターの反応 【たまよみ】 1話 球詠 Tamayomi ep 1 アニメリアクション,CRYfS3MJMX8,2020-04-08T08:43:29.000Z
【バイオハザード RE:3】 Hardcore Z-版 #6 ピーターの実況,qbWOepqnPhA,2020-04-08T03:00:12.000Z
ピーターの反応 【社長バトルの時間です】 1話 シャチバト ep 1アニメリアクション,lOKjTLP4SvA,2020-04-07T09:00:20.000Z
ピーターの反応 【Gleipnir】 1話 グレイプニル ep 1アニメリアクション,K-oQG9M-3nc,2020-04-07T08:00:10.000Z
【海外の反応 アニメ】 少女終末旅行 4話 Girls&#39; Last Tour ep 4 アニメリアクション,XN9apWNlEws,2020-04-07T03:00:13.000Z
【バイオハザード RE:3】 Hardcore Z-版 #5 ピーターの実況,apntHa0R2s8,2020-04-07T03:00:02.000Z
ピーターの反応 【はめふら】 1話 乙女ゲームの破滅フラグしかない悪役令嬢に転生してしまった ep 1アニメリアクション,UwRHRDvXwCw,2020-04-06T09:00:14.000Z
【海外の反応 アニメ】 僕のヒーローアカデミア 4期 25話 ヒロアカ My Hero Academia ss 4 ep 25 アニメリアクション,Kq7UaZ1oJSQ,2020-04-06T08:00:06.000Z
【バイオハザード RE:3】 Hardcore Z-版 #4 ピーターの実況,Njq3Pklb-4U,2020-04-06T04:07:07.000Z
ピーターの反応 【リスナーズ】 1話 Listeners ep 1アニメリアクション,_0XXT3HlcsM,2020-04-05T06:00:12.000Z
【海外の反応 アニメ】 ヨルムンガンド 2期 2話 Jormungand ep ss2 2 アニメリアクション,Q0jMVglAoNs,2020-04-05T03:00:12.000Z
【バイオハザード RE:3】 Hardcore Z-版 #3 ピーターの実況,Hcp4wLnvJNA,2020-04-05T03:00:07.000Z
ピーターの反応 【新サクラ大戦】 1話 New Sakura Wars ep 1 アニメリアクション,ItSt_BYv6lk,2020-04-04T06:21:28.000Z
【バイオハザード RE2】 #7 3メダルをやっと入手！ クレア実況  外人の日本語実況 【ピーター】 Biohazard Resident Evil 2,66112wxJGlU,2020-04-04T03:00:00.000Z
【バイオハザード RE:3】 Hardcore Z-版 #2 ピーターの実況,YNn7OuiyEFo,2020-04-04T00:00:19.000Z
【バイオハザード RE:3】 Hardcore Z-版 #1 ピーターの実況,vA4TyybooNA,2020-04-03T10:49:19.000Z
ピーターの反応 【八男ってそれはないでしょう】 1話 8th son ep 1 アニメリアクション,1p2asGxYga8,2020-04-03T08:20:57.000Z
ピーターの反応 【BNA】 1話 アニメリアクション,fKSQr2NGIhE,2020-04-03T03:00:17.000Z
【海外の反応 アニメ】 夏目友人帳 7話  Natsume Book of Friends 7 アニメリアクション,4gNLUIk6u5I,2020-04-02T09:00:00.000Z
【海外の反応 アニメ】 異世界かるてっと 2期 12話 Isekai Quartet ss 2 ep 12 アニメリアクション,6dGZfDkcZYg,2020-04-02T08:00:02.000Z
【海外の反応 アニメ】 HELLSING OVA 6話 パート 2/2 アニメリアクション,AgsPdB0-1HM,2020-04-01T09:00:04.000Z
【海外の反応 アニメ】 HELLSING OVA 6話 パート 1/2 アニメリアクション,J3MoIGytjSs,2020-04-01T08:00:08.000Z
【海外の反応 アニメ】 ロード エルメロイii 世の事件簿 1話 Lord El-Melloi ep 1 アニメリアクション,B-relImRCZc,2020-04-01T03:00:03.000Z
虚構推理とマギアレコードのアニメレビュー！後訳ありコンテンツ行方不明？？,bP_6Bemz9s0,2020-03-31T07:59:31.000Z
【海外の反応 アニメ】 少女終末旅行 3話 Girls&#39; Last Tour ep 3 アニメリアクション,2TLy37bq2Sw,2020-03-31T03:00:00.000Z
【海外の反応 アニメ】 ドロヘドロ 12話 Dorohedoro ep 12 アニメリアクション,v1pbiT6wD-E,2020-03-30T09:00:20.000Z
【海外の反応 アニメ】 僕のヒーローアカデミア 4期 24話 ヒロアカ My Hero Academia ss 4 ep 24 アニメリアクション,0x75bP22ldw,2020-03-30T08:00:00.000Z
【海外の反応 アニメ】 ヨルムンガンド 2期 1話 Jormungand ep ss2 1 アニメリアクション,snkUUblWDss,2020-03-29T03:00:13.000Z
【バイオハザード RE2】 #5 ヘリコプターは何にやられた？？ クレア実況  ブルーカギ手にしたぞ！ 外人の日本語実況 【ピーター】,3_QubhrhEHU,2020-03-28T06:00:00.000Z
【海外の反応 アニメ】 防振り 12話 痛いのは嫌なので防御力に極振りしたいと思います ep 12 アニメリアクション,uRqbn3d5mBM,2020-03-27T08:00:14.000Z
【海外の反応 アニメ】 異世界かるてっと 2期 11話 Isekai Quartet ss 2 ep 11 アニメリアクション,Qhrbhw2A_OI,2020-03-26T08:31:49.000Z
【海外の反応 アニメ】 HELLSING OVA 5話 パート 1/2 アニメリアクション,hrPHT0ZMxdQ,2020-03-25T08:00:08.000Z
【海外の反応 アニメ】 虚構推理 11話 In Spectre ep 11 アニメリアクション,b5quBxnLh9w,2020-03-24T09:00:13.000Z
【海外の反応 アニメ】 マギアレコード 12話 Magia Record ep 12 アニメリアクション,CUD1CuFjtoo,2020-03-24T08:00:02.000Z
【海外の反応 アニメ】 ドロヘドロ 11話 Dorohedoro ep 11 アニメリアクション,LFGFaPXozBI,2020-03-23T09:00:07.000Z
【海外の反応 アニメ】 僕のヒーローアカデミア 4期 23話 ヒロアカ My Hero Academia ss 4 ep 23 アニメリアクション,BSIqxYFBxWs,2020-03-23T08:00:01.000Z
3月23日からのチャンネルの更新情報！投稿スケジュール発表,y6KntNspkLw,2020-03-22T11:30:03.000Z
【海外の反応 アニメ】 ダーウィンズゲーム 11話 Darwins Game ep 11 アニメリアクション,svYrTONlg7I,2020-03-22T03:48:08.000Z
【海外の反応 アニメ】 少女終末旅行 1話 Girls&#39; Last Tour ep 1 アニメリアクション,_ZRk7zJDEbE,2020-03-20T09:00:16.000Z
バイオハザード RE:3 DEMO 生配信 ゲーム実況,5Jpa0h9FAL4,2020-03-20T08:37:33.000Z
【海外の反応 アニメ】 防振り 11話 痛いのは嫌なので防御力に極振りしたいと思います ep 11 アニメリアクション,TAqoy1-Su1Y,2020-03-20T08:00:18.000Z
【海外の反応 アニメ】 夏目友人帳 5話  Natsume Book of Friends 5 アニメリアクション,wpaANsGuKoM,2020-03-19T09:00:30.000Z
【海外の反応 アニメ】 HELLSING OVA 4話 パート 2/2 アニメリアクション,4NxDTLGfwm8,2020-03-18T08:00:00.000Z
【海外の反応 アニメ】 マギアレコード 11話 Magia Record ep 11 アニメリアクション,meTP3JSDOuw,2020-03-17T08:00:11.000Z
【海外の反応 アニメ】 ダーウィンズゲーム 10話 Darwins Game ep 10 アニメリアクション,Tnp3fvmVUzI,2020-03-15T04:29:10.000Z
チャンネルの更新情報！投稿スケジュール発表,Q7gR168RFBg,2020-03-14T11:19:30.000Z
【海外の反応 アニメ】 HELLSING OVA 3話 パート 1/2 アニメリアクション,WCoxR-5JWCw,2020-03-14T03:00:03.000Z
【海外の反応 アニメ】 防振り 10話 痛いのは嫌なので防御力に極振りしたいと思います ep 10 アニメリアクション,qK_U7nO7ddc,2020-03-13T08:57:09.000Z
【海外の反応 アニメ】 異世界かるてっと 2期 9話 Isekai Quartet ss 2 ep 9 アニメリアクション,ZqUMQxfijJ4,2020-03-13T08:00:16.000Z
【海外の反応 アニメ】 虚構推理 9話 In Spectre ep 9 アニメリアクション,1xEsMMaKvOY,2020-03-10T08:00:00.000Z
【海外の反応 アニメ】 異世界かるてっと 2期 8話 Isekai Quartet ss 2 ep 8 アニメリアクション,wQhhe_L8-yc,2020-03-07T01:00:04.000Z
【海外の反応 アニメ】 異世界かるてっと 2期 7話 Isekai Quartet ss 2 ep 7 アニメリアクション,ryiBEOoon80,2020-03-06T09:28:43.000Z
【海外の反応 アニメ】 防振り 9話 痛いのは嫌なので防御力に極振りしたいと思います ep 9 アニメリアクション,msEMYN8_UnQ,2020-03-06T08:34:10.000Z
【海外の反応 アニメ】 ダーウィンズゲーム 7話 Darwins Game ep 7 アニメリアクション,xQdPnhNm6cM,2020-03-04T09:19:34.000Z
【海外の反応 アニメ】 HELLSING OVA 2話 パート 2/2 アニメリアクション,WWFomVJ06Ik,2020-03-03T09:00:06.000Z
【海外の反応 アニメ】 防振り 8話 痛いのは嫌なので防御力に極振りしたいと思います ep 8 アニメリアクション,VFbtNffQKik,2020-03-03T08:00:43.000Z
【海外の反応 アニメ】 防振り 7話 痛いのは嫌なので防御力に極振りしたいと思います ep 7 アニメリアクション,Z1gQJl4iU_o,2020-03-01T08:00:09.000Z
【海外の反応 アニメ】Fate/Stay Night UBW OVA アニメリアクション,s0n-nbaq9PU,2020-02-29T08:00:15.000Z
チャンネル更新！,h71v-ZgX70s,2020-02-21T07:00:10.000Z
深き魂の黎明 メイドインアビスの感想とネタバレトーク,6AbAhMMM2mI,2020-02-19T08:30:00.000Z
【海外の反応 アニメ】 ドロヘドロ 6話 Dorohedoro ep 6 アニメリアクション,8YjzRrd_TEE,2020-02-18T08:56:55.000Z
【海外の反応 アニメ】 異世界かるてっと 2期 5話 Isekai Quartet ss 2 ep 5 アニメリアクション,Qfwtkop9Jtk,2020-02-17T08:00:06.000Z
【海外の反応 アニメ】 防振り 6話 痛いのは嫌なので防御力に極振りしたいと思います ep 6 アニメリアクション,UEhH1AUDeFY,2020-02-14T09:00:08.000Z
【海外の反応 アニメ】Fate/Stay Night UBW 11話 アニメリアクション,ExWKN2xUEbQ,2020-02-08T07:00:01.000Z
【海外の反応 アニメ】 異世界かるてっと 2期 4話 Isekai Quartet ss 2 ep 4 アニメリアクション,UxRcgrzpfG8,2020-02-06T09:00:06.000Z
【海外の反応 アニメ】 夏目友人帳 3話  Natsume Book of Friends 3 アニメリアクション,sIr9X0Cl-p8,2020-02-06T08:00:09.000Z
【海外の反応 アニメ】アインツベルン相談室 4話 アニメリアクション,EZBzLCvcboI,2020-02-05T08:00:02.000Z
【海外の反応 アニメ】 虚構推理 4話 In Spectre ep 4 アニメリアクション,FFcv0ivxMrM,2020-02-04T08:00:02.000Z
【海外の反応 アニメ】 HELLSING OVA 1話 パート 2/2 アニメリアクション,1EVD14WukPI,2020-02-02T08:00:01.000Z
【海外の反応 アニメ】 ドロヘドロ 3話 Dorohedoro ep 3 アニメリアクション,2QPYZJTIQ5k,2020-02-02T05:05:56.000Z
【海外の反応 アニメ】 HELLSING OVA 1話 パート 1/2 アニメリアクション,BS_NkrMym3M,2020-02-01T09:32:10.000Z
【海外の反応 アニメ】 防振り 4話 痛いのは嫌なので防御力に極振りしたいと思います ep 4 アニメリアクション,W3-l_SzFikY,2020-01-31T23:45:35.000Z
【海外の反応 アニメ】 異世界かるてっと 2期 3話 Isekai Quartet ss 3 ep 2 アニメリアクション,82LNyFKj7kQ,2020-01-31T09:00:02.000Z
【海外の反応 アニメ】アインツベルン相談室 3話 アニメリアクション,luLEKeDy5cU,2020-01-29T09:00:10.000Z
【海外の反応 アニメ】Fate/Stay Night UBW 4話 アニメリアクション,8sCfbVexENs,2020-01-29T08:00:00.000Z
【海外の反応 アニメ】 マギアレコード 4話 Magia Record ep 4 アニメリアクション,tOT4th-5wKk,2020-01-28T12:22:42.000Z
チャンネルの方向性について話そう,cLIknG8t7CE,2020-01-26T06:37:54.000Z
【海外の反応 アニメ】 ペット 3話 Pet ep 3 アニメリアクション,zC0Jvo0Qi4g,2020-01-26T06:19:49.000Z
【海外の反応 アニメ】 防振り 3話 痛いのは嫌なので防御力に極振りしたいと思います ep 3 アニメリアクション,MUcVLgyASLQ,2020-01-26T00:17:34.000Z
【海外の反応 アニメ】 ドロヘドロ 2話 Dorohedoro ep 2 アニメリアクション,l-JQxT_c8B8,2020-01-25T07:09:28.000Z
【海外の反応 アニメ】 異世界かるてっと 2期 2話 Isekai Quartet ss 2 ep 2 アニメリアクション,gzihl2P4LVI,2020-01-25T01:00:05.000Z
【海外の反応 アニメ】Fate/Stay Night UBW 3話 アニメリアクション,mJBbuzRD5Tk,2020-01-24T08:59:05.000Z
【海外の反応 アニメ】Fate/Stay Night UBW 2話 アニメリアクション,poUuaf2jc9Y,2020-01-24T08:00:16.000Z
【海外の反応 アニメ】 ソマリと森の神様 2話 Somali and the Forest Spirit ep 2 アニメリアクション,ZUV3vvSjP2M,2020-01-23T11:01:37.000Z
【海外の反応 アニメ】 マギアレコード 3話 Magia Record ep 3 アニメリアクション,CskT7EqVztk,2020-01-22T09:00:02.000Z
【海外の反応 アニメ】 僕のヒーローアカデミア 4期 14話 ヒロアカ My Hero Academia ss 4 ep 14 アニメリアクション,5Zmtq01RnB0,2020-01-22T08:00:00.000Z
【海外の反応 アニメ】 虚構推理 2話 In Spectre ep 2 アニメリアクション,W-V-o0Cwcrk,2020-01-21T09:00:04.000Z
【海外の反応 アニメ】アインツベルン相談室 2話 アニメリアクション,0t7v7gDKmJo,2020-01-19T03:53:23.000Z
【海外の反応 アニメ】 防振り 2話 痛いのは嫌なので防御力に極振りしたいと思います ep 2 アニメリアクション,sRdvpQbOz24,2020-01-18T03:54:28.000Z
【海外の反応 アニメ】 異世界かるてっと 2期 1話 Isekai Quartet ss 2 ep 1 アニメリアクション,MgGtTzMroYQ,2020-01-18T01:00:05.000Z
【海外の反応 アニメ】 防振り 1話 痛いのは嫌なので防御力に極振りしたいと思います ep 1 アニメリアクション,rnpuFdtGinI,2020-01-17T09:00:11.000Z
【海外の反応 アニメ】Fate/Stay Night UBW 0話 パート 1/2 アニメリアクション,SMsfpjZXLAc,2020-01-16T07:53:57.000Z
2019年のアニメランキング,zAgVvT4CTeE,2020-01-16T03:20:00.000Z
【海外の反応 アニメ】 虚構推理 1話 In Spectre ep 1 アニメリアクション,YahX0eZomLY,2020-01-15T11:15:24.000Z
【海外の反応 アニメ】 ドロヘドロ 1話 Dorohedoro ep 1 アニメリアクション,203ChqiGai0,2020-01-15T08:00:01.000Z
【海外の反応 アニメ】 僕のヒーローアカデミア 4期 13話 ヒロアカ My Hero Academia ss 4 ep 13 アニメリアクション,rz88ypY0Ipo,2020-01-14T08:04:58.000Z
【海外の反応 アニメ】 マギアレコード 2話 Magia Record ep 2 アニメリアクション,bf5UiRhS6Z0,2020-01-13T05:53:28.000Z
【海外の反応 アニメ】 ダーウィンズゲーム 2話 Darwins Game ep 2 アニメリアクション,Nmpzdkix6QQ,2020-01-13T03:00:02.000Z
【海外の反応 アニメ】アインツベルン相談室 1話 アニメリアクション,B8jxph4ttnc,2020-01-12T06:28:35.000Z
【海外の反応 アニメ】 マギアレコード 1話 Magia Record ep 1 アニメリアクション,FC8fvejaNQw,2020-01-08T09:00:02.000Z
【海外の反応 アニメ】 炎炎ノ消防隊 24話 Fire Force ep 24 アニメリアクション,i--WnQGD3vs,2020-01-08T08:00:07.000Z
【海外の反応 アニメ】 僕のヒーローアカデミア 4期 12話 ヒロアカ My Hero Academia ss 4 ep 12 アニメリアクション,cO4yXCQ0WIo,2020-01-07T08:59:08.000Z
【海外の反応 アニメ】 僕のヒーローアカデミア 4期 11話 ヒロアカ My Hero Academia ss 4 ep 11 アニメリアクション,9pwAcTd8FpM,2020-01-07T03:00:01.000Z
【海外の反応 アニメ】 ヴィンランド・サガ 24話 Vinland Saga ep 24 アニメリアクション,0NAq_5GZK-o,2020-01-06T08:46:06.000Z
【海外の反応 アニメ】 ガールズ&amp;パンツァー 劇場版 4/4部 Girls und Panzer Das Film Part 4/4 アニメリアクション,k85Vb43UHwY,2020-01-04T10:00:14.000Z
【海外の反応 アニメ】 ガールズ&amp;パンツァー 劇場版 3/4部 Girls und Panzer Das Film Part 3/4 アニメリアクション,_Sb3CE7SaQw,2020-01-03T10:00:16.000Z
【海外の反応 アニメ】 Fate Zero 24話 フェイトゼロ 24 アニメリアクション,Nl5oDEsd4yk,2020-01-03T02:30:18.000Z
【海外の反応 アニメ】 Fate Zero 23話 フェイトゼロ 23 アニメリアクション,DyAnVYPuGCs,2020-01-03T02:00:17.000Z
【海外の反応 アニメ】 ガールズ&amp;パンツァー 劇場版 2/4部 Girls und Panzer Das Film Part 2/4 アニメリアクション,clnE1QDMHWM,2020-01-02T10:00:14.000Z
【海外の反応 アニメ】 ガールズ&amp;パンツァー 劇場版 1/4部 Girls und Panzer Das Film Part 1/4 アニメリアクション,A_C8EuM-0Xs,2020-01-01T10:00:15.000Z
【海外の反応 アニメ】 Fate Zero 22話 フェイトゼロ 22 アニメリアクション,3ud1RKJJK-s,2020-01-01T02:00:19.000Z
【海外の反応 アニメ】 七つの大罪 神々の逆鱗 12話 Nanatsu no Taizai ep 12 アニメリアクション,-HDvXUJlhW8,2019-12-31T05:00:00.000Z
【海外の反応 アニメ】 Fate Zero 21話 フェイトゼロ 21 アニメリアクション,qAnbDnhnWTY,2019-12-31T03:00:17.000Z
【海外の反応 アニメ】 アフリカの サラリーマン 12話 African Salaryman ep 12 アニメリアクション,8zXJs_efszs,2019-12-30T05:39:46.000Z
【海外の反応 アニメ】 Beastars 12話 アニメリアクション,3gFK0FzXN4g,2019-12-29T02:00:02.000Z
【海外の反応 アニメ】 Fate Zero 18話 フェイトゼロ 18 アニメリアクション,-aPnjfqPuDk,2019-12-28T03:00:02.000Z
【海外の反応 アニメ】 七つの大罪 神々の逆鱗 11話 Nanatsu no Taizai ep 11 アニメリアクション,-w83YwI6zkg,2019-12-28T01:02:41.000Z
【海外の反応 アニメ】 ガールズ&amp;パンツァー 秋山講座 6話 Girls und Panzer Akiyama Studies 6 アニメリアクション,-kEuxe6gt3M,2019-12-27T08:00:01.000Z
【海外の反応 アニメ】 ガールズ&amp;パンツァー 秋山講座 5話 Girls und Panzer Akiyama Studies 5 アニメリアクション,kN3Lp6wFpKg,2019-12-26T08:00:07.000Z
【海外の反応 アニメ】 Fate Zero 15話 フェイトゼロ 15 アニメリアクション,E_MqJywOC8U,2019-12-25T10:00:02.000Z
【海外の反応 アニメ】 ガールズ&amp;パンツァー 秋山講座 4話 Girls und Panzer Akiyama Studies 4 アニメリアクション,bKEMvnClhQE,2019-12-25T08:00:11.000Z
【海外の反応 アニメ】 僕のヒーローアカデミア 4期 10話 ヒロアカ My Hero Academia ss 4 ep 10 アニメリアクション,6JJfK3wFmFM,2019-12-23T11:45:00.000Z
【海外の反応 アニメ】 Fate Zero 14話 フェイトゼロ 14 アニメリアクション,PVqUsEcktgM,2019-12-22T03:00:01.000Z
【海外の反応 アニメ】 Beastars 11話 アニメリアクション,3RRS1Z45kWM,2019-12-21T23:54:12.000Z
【海外の反応 アニメ】 ガールズ&amp;パンツァー 秋山講座 1話 Girls und Panzer Akiyama Studies 1 アニメリアクション,gNSR5sMLZMA,2019-12-18T08:00:06.000Z
【海外の反応 アニメ】 炎炎ノ消防隊 21話 Fire Force ep 21 アニメリアクション,V2xddR2zcGw,2019-12-17T08:00:09.000Z
【海外の反応 アニメ】 僕のヒーローアカデミア 4期 9話 ヒロアカ My Hero Academia ss 4 ep 9 アニメリアクション,vD_VvxPbn2I,2019-12-16T11:59:41.000Z
【海外の反応 アニメ】 ドクターストーン 24話 Dr Stone ep 24 アニメリアクション,EvkomSCpy4Q,2019-12-16T10:35:07.000Z
【海外の反応 アニメ】 Psycho-pass 3期  8話 パート1 サイコパス season 3 ep 8 part 1 アニメリアクション,e07pt94shXs,2019-12-15T05:02:07.000Z
【海外の反応 アニメ】 ガールズ&amp;パンツァー 12話 Girls und Panzer ep 12 アニメリアクション,-W31wCxOtSk,2019-12-14T01:00:18.000Z
【海外の反応 アニメ】 旗揚！けものみち 11話 Hataage! Kemono Michi ep 11 アニメリアクション,VZjp8sxeErU,2019-12-13T10:13:21.000Z
【海外の反応 アニメ】 Beastars 10話 アニメリアクション,XZjySruX4iE,2019-12-13T09:24:03.000Z
【海外の反応 アニメ】 アフリカの サラリーマン 10話 African Salaryman ep 10 アニメリアクション,CoqB5Fx9T7g,2019-12-12T09:26:14.000Z
【海外の反応 アニメ】 ヴィンランド・サガ 21話 Vinland Saga ep 21 アニメリアクション,rGpIF2gDvgs,2019-12-12T03:00:05.000Z
【海外の反応 アニメ】 僕のヒーローアカデミア 4期 8話 ヒロアカ My Hero Academia ss 4 ep 8 アニメリアクション,TSxuim9-J8g,2019-12-09T10:42:48.000Z
【海外の反応 アニメ】 炎炎ノ消防隊 20話 Fire Force ep 20 アニメリアクション,fOKWTShhBDU,2019-12-09T10:15:11.000Z
【海外の反応 アニメ】 ドクターストーン 23話 Dr Stone ep 23 アニメリアクション,v9EotopJWJs,2019-12-08T04:22:00.000Z
【海外の反応 アニメ】 ガールズ&amp;パンツァー 11話 Girls und Panzer ep 11 アニメリアクション,fFwudFRz5sk,2019-12-08T00:00:16.000Z
【海外の反応 アニメ】 ガールズ&amp;パンツァー SPECIAL 1 Girls und Panzer special アニメリアクション,7mox8vI9qUg,2019-12-06T23:00:01.000Z
【海外の反応 アニメ】 ガールズ&amp;パンツァー 10話 Girls und Panzer ep 10 アニメリアクション,Yc-H0NYbg1I,2019-12-06T08:00:15.000Z
【海外の反応 アニメ】 ガールズ&amp;パンツァー 9話 Girls und Panzer ep 9 アニメリアクション,B8EhNAdMDr0,2019-12-04T10:00:00.000Z
【海外の反応 アニメ】 ヴィンランド・サガ 20話 Vinland Saga ep 20 アニメリアクション,Cs1-KRvdmuA,2019-12-04T08:00:02.000Z
【海外の反応 アニメ】 アフリカの サラリーマン 9話 African Salaryman ep 9 アニメリアクション,TUcEXtxzytI,2019-12-03T10:58:31.000Z
【海外の反応 アニメ】 ノー・ガンズ・ライフ 8話 No Guns Life ep 8 アニメリアクション,wW_-UpLMUtM,2019-12-01T03:00:11.000Z
【海外の反応 アニメ】 ガールズ&amp;パンツァー 8話 Girls und Panzer ep 8 アニメリアクション,3qviOrVTiLs,2019-12-01T01:00:17.000Z
【海外の反応 アニメ】 ドクターストーン 22話 Dr Stone ep 22 アニメリアクション,t_53m4ojK-o,2019-11-30T11:06:49.000Z
【海外の反応 アニメ】 Fate Zero 5話 フェイトゼロ 5 アニメリアクション,XMm-0KOIxNQ,2019-11-29T23:00:07.000Z
【海外の反応 アニメ】 旗揚！けものみち 9話 Hataage! Kemono Michi ep 9 アニメリアクション,mcW9U7UcTTk,2019-11-29T10:00:12.000Z
【海外の反応 アニメ】 七つの大罪 神々の逆鱗 8話 Nanatsu no Taizai ep 8 アニメリアクション,25KVMI3KcYQ,2019-11-29T08:44:08.000Z
メイドインアビスの総集編をやります！,nmg7WzHp2j0,2019-11-28T10:10:09.000Z
【海外の反応 アニメ】 ガールズ&amp;パンツァー OVA 話 Girls und Panzer アニメリアクション,P8RkI89A3uA,2019-11-28T08:00:04.000Z
【海外の反応 アニメ】 アフリカの サラリーマン 8話 African Salaryman ep 8 アニメリアクション,x_ik3AzAAe0,2019-11-27T11:00:12.000Z
【海外の反応 アニメ】 ヴィンランド・サガ 19話 Vinland Saga ep 19 アニメリアクション,V5ZiYe5dFF8,2019-11-27T08:00:09.000Z
【海外の反応 アニメ】 ガールズ&amp;パンツァー 7話 Girls und Panzer ep 7 アニメリアクション,wVNDc0Il0Fg,2019-11-24T08:00:14.000Z
【海外の反応 アニメ】 旗揚！けものみち 7話 Hataage! Kemono Michi ep 7 アニメリアクション,MdLYVOgPaYk,2019-11-23T08:00:35.000Z
【海外の反応 アニメ】 ガールズ&amp;パンツァー 6話 Girls und Panzer ep 6 アニメリアクション,G_NU92_GkRI,2019-11-22T23:00:02.000Z
【海外の反応 アニメ】 旗揚！けものみち 8話 Hataage! Kemono Michi ep 8 アニメリアクション,FgSY2QMQhYo,2019-11-22T11:00:02.000Z
【海外の反応 アニメ】 Beastars 7話 アニメリアクション,o08bzoCw3pQ,2019-11-22T08:00:09.000Z
【海外の反応 アニメ】 ガールズ&amp;パンツァー 5話 Girls und Panzer ep 5 アニメリアクション,7kA0IiQffNU,2019-11-20T11:00:04.000Z
【海外の反応 アニメ】 僕のヒーローアカデミア 4期 5話 ヒロアカ My Hero Academia ss 4 ep 5 アニメリアクション,B7AD-HkJQYk,2019-11-18T08:20:12.000Z
【海外の反応 アニメ】 Beastars 6話 アニメリアクション,G7QY82FfLTM,2019-11-16T23:39:45.000Z
【海外の反応 アニメ】 Babylon 1話 生放送版,B1OlFOZ3SGk,2019-11-15T08:00:00.000Z
【海外の反応 アニメ】 ガールズ&amp;パンツァー 4話 Girls und Panzer ep 4 アニメリアクション,FMZ4aiWTyb4,2019-11-15T03:00:01.000Z
【海外の反応 アニメ】 ヒナまつり 12話 Hinamatsuri ep 12 アニメリアクション,QVGYfKsxMQE,2019-11-14T22:00:05.000Z
【海外の反応 アニメ】 慎重勇者 1話 生放送版,5GCjBALuUWU,2019-11-14T11:31:13.000Z
【海外の反応 アニメ】 ガールズ&amp;パンツァー 3話 Girls und Panzer ep 3 アニメリアクション,9YP9Ot6YGLQ,2019-11-14T03:30:01.000Z
【海外の反応 アニメ】 ヒナまつり 11話 Hinamatsuri ep 11 アニメリアクション,blmWkcStkaA,2019-11-13T22:00:06.000Z
【海外の反応 アニメ】 ガールズ&amp;パンツァー 2話 Girls und Panzer ep 2 アニメリアクション,dFSrM1HZDbM,2019-11-13T03:00:09.000Z
【海外の反応 アニメ】 ヒナまつり 10話 Hinamatsuri ep 10 アニメリアクション,0TpeMgo1upk,2019-11-12T22:00:01.000Z
【海外の反応 アニメ】 アフリカの サラリーマン 6話 African Salaryman ep 6 アニメリアクション,aQULt8xJEXQ,2019-11-12T09:00:01.000Z
【海外の反応 アニメ】 七つの大罪 神々の逆鱗 5話 Nanatsu no Taizai ep 5 アニメリアクション,0RP1fc4jI6g,2019-11-11T03:00:00.000Z
【海外の反応 アニメ】 ガールズ&amp;パンツァー 1話 Girls und Panzer ep 1 アニメリアクション,Jyh_HPbhCPY,2019-11-10T22:00:02.000Z
【海外の反応 アニメ】 旗揚！けものみち 6話 Hataage! Kemono Michi ep 6 アニメリアクション,EoYLi6geWJ4,2019-11-08T09:00:03.000Z
【海外の反応 アニメ】 ヒナまつり 9話 Hinamatsuri ep 9 アニメリアクション,eLWpPkmBXjI,2019-11-08T03:00:02.000Z
【海外の反応 アニメ】 Beastars 5話 アニメリアクション,j0XmezANWZU,2019-11-07T22:00:03.000Z
【海外の反応 アニメ】 ヒナまつり 8話 Hinamatsuri ep 8 アニメリアクション,AHLRnfVzeV4,2019-11-07T03:00:00.000Z
【海外の反応 アニメ】 アフリカの サラリーマン 5話 African Salaryman ep 5 アニメリアクション,OC5dQcFNK1k,2019-11-06T22:00:01.000Z
【海外の反応 アニメ】 ヒナまつり 7話 Hinamatsuri ep 7 アニメリアクション,Ux8dxaUbr6s,2019-11-06T03:00:05.000Z
【海外の反応 アニメ】 ヴィンランド・サガ 17話 Vinland Saga ep 17 アニメリアクション,WfFhW8tFtHs,2019-11-05T10:09:12.000Z
【海外の反応 アニメ】 ヒナまつり 6話 Hinamatsuri ep 6 アニメリアクション,JRFv_L2L_Qk,2019-11-05T03:00:01.000Z
【海外の反応 アニメ】 ヒナまつり 5話 Hinamatsuri ep 5 アニメリアクション,pCKYuEEC7Qc,2019-11-04T03:00:04.000Z
【海外の反応 アニメ】 炎炎ノ消防隊 15話 Fire Force ep 15 アニメリアクション,cYn6J3wtPAM,2019-11-03T08:00:07.000Z
【海外の反応 アニメ】 ドクターストーン 18話 Dr Stone ep 18 アニメリアクション,mMGTHv4LRLs,2019-11-03T03:00:02.000Z
【海外の反応 アニメ】 Psycho-pass 3期 2話 サイコパス season 3 ep 2 アニメリアクション,TKuoEBUhflY,2019-11-02T22:00:03.000Z
【海外の反応 アニメ】 ヒナまつり 4話 Hinamatsuri ep 4 アニメリアクション,uqyOirzXM8k,2019-11-01T03:00:10.000Z
【海外の反応 アニメ】 Beastars 4話 アニメリアクション,kUhJ2K1yOKU,2019-10-31T09:41:13.000Z
【海外の反応 アニメ】 ヒナまつり 3話 Hinamatsuri ep 3 アニメリアクション,JrDjOJdOiB4,2019-10-31T03:00:02.000Z
【海外の反応 アニメ】 ケンガンアシュラ 10話 Kengan Ashura ep 10 アニメリアクション,jo_lIzwfojM,2019-10-30T22:00:07.000Z
【海外の反応 アニメ】 ケンガンアシュラ 9話 Kengan Ashura ep 9 アニメリアクション,r1ptAkkK8H4,2019-10-30T09:24:32.000Z
【海外の反応 アニメ】 ヒナまつり 2話 Hinamatsuri ep 2 アニメリアクション,RuAYjFDvjCI,2019-10-30T03:00:01.000Z
【海外の反応 アニメ】 ケンガンアシュラ 8話 Kengan Ashura ep 8 アニメリアクション,xElcik-OOCQ,2019-10-29T22:00:05.000Z
【海外の反応 アニメ】 アフリカの サラリーマン 4話 African Salaryman ep 4 アニメリアクション,ZyUnZsqfi74,2019-10-29T08:00:02.000Z
【海外の反応 アニメ】 ヒナまつり 1話 Hinamatsuri ep 1 アニメリアクション,zphvypodKzU,2019-10-29T06:17:49.000Z
【海外の反応 アニメ】 ヴィンランド・サガ 16話 Vinland Saga ep 16 アニメリアクション,uNkL764buac,2019-10-28T22:00:05.000Z
【海外の反応 アニメ】 ケンガンアシュラ 7話 Kengan Ashura ep 7 アニメリアクション,SS6Q3WdOlN0,2019-10-27T09:48:43.000Z
俺を好きなのはお前だけかよ 1話 ピーター アニメ生配信 スペッシャル！,wFCWH3CqZbQ,2019-10-27T07:07:49.000Z
【海外の反応 アニメ】 宇宙よりも遠い場所 12話 よりもい アニメリアクション,UrFlGjIJk9Q,2019-10-25T03:00:02.000Z
【海外の反応 アニメ】 旗揚！けものみち 4話 Hataage! Kemono Michi ep 4 アニメリアクション,eE0LIq2KESE,2019-10-24T22:00:06.000Z
【海外の反応 アニメ】 宇宙よりも遠い場所 11話 よりもい アニメリアクション,vUa7hsu_nYM,2019-10-24T03:00:04.000Z
【海外の反応 アニメ】 ケンガンアシュラ 6話 Kengan Ashura ep 6 アニメリアクション,ddsF77AE1NA,2019-10-23T22:00:09.000Z
【海外の反応 アニメ】 宇宙よりも遠い場所 10話 よりもい アニメリアクション,HQ2EOVj-n1U,2019-10-23T03:00:00.000Z
【海外の反応 アニメ】 アフリカの サラリーマン 3話 African Salaryman ep 3 アニメリアクション,M1KOLj-QPy8,2019-10-22T22:00:02.000Z
【海外の反応 アニメ】 ヴィンランド・サガ 15話 Vinland Saga ep 15 アニメリアクション,vCLo_0U65DI,2019-10-22T05:03:31.000Z
【海外の反応 アニメ】 僕のヒーローアカデミア 4期 2話 ヒロアカ My Hero Academia ss 4 ep 2 アニメリアクション,tfyhtHAjjEI,2019-10-20T22:00:03.000Z
【海外の反応 アニメ】 ノー・ガンズ・ライフ 2話 No Guns Life ep 2 アニメリアクション,_ksOazRJ3lU,2019-10-20T03:00:04.000Z
【海外の反応 アニメ】 ドクターストーン 16話 Dr Stone ep 16 アニメリアクション,nunUIBryDj0,2019-10-19T22:00:04.000Z
【海外の反応 アニメ】 Beastars 2話 アニメリアクション,ZRLstBn9090,2019-10-18T23:14:39.000Z
【海外の反応 アニメ】 旗揚！けものみち 3話 Hataage! Kemono Michi ep 3 アニメリアクション,4WamOoWfJfg,2019-10-18T08:00:00.000Z
【海外の反応 アニメ】宇宙よりも遠い場所 7話 よりもい アニメリアクション,ixXgMePrjpo,2019-10-18T03:51:04.000Z
【海外の反応 アニメ】 七つの大罪 神々の逆鱗 2話 Nanatsu no Taizai ep 2 アニメリアクション,tmzgbfuspWM,2019-10-17T09:00:09.000Z
【海外の反応 アニメ】宇宙よりも遠い場所 6話 よりもい アニメリアクション,l9u6-kf14HQ,2019-10-17T03:00:02.000Z
【海外の反応 アニメ】宇宙よりも遠い場所 5話 よりもい アニメリアクション,NWG1BsxiKko,2019-10-16T03:00:04.000Z
【海外の反応 アニメ】 ヴィンランド・サガ 14話 Vinland Saga ep 14 アニメリアクション,HojY_kAuHn4,2019-10-15T09:39:15.000Z
【海外の反応 アニメ】 アフリカの サラリーマン 2話 African Salaryman ep 2 アニメリアクション,XmWZ77spblg,2019-10-14T22:00:07.000Z
【海外の反応 アニメ】 僕のヒーローアカデミア 4期 1話 My Hero Academia ss 4 ep 1 アニメリアクション,TUgUSdS4f38,2019-10-14T03:00:02.000Z
【海外の反応 アニメ】 食戟のソーマ 4期 1話 Shokugeki no Soma ss 4 ep 1 アニメリアクション,TfjXzyplICY,2019-10-12T22:00:00.000Z
【海外の反応 アニメ】 七つの大罪 神々の逆鱗 1話 Nanatsu no Taizai ep 1 アニメリアクション,aQeyrW2P5xw,2019-10-12T08:00:00.000Z
【海外の反応 アニメ】 アサシンズプライド 1話 Assassins Pride ep 1 アニメリアクション,9Ktt8RF05qk,2019-10-12T03:00:00.000Z
【海外の反応 アニメ】宇宙よりも遠い場所 2話 よりもい アニメリアクション,3rcGlI3cUMg,2019-10-11T09:00:01.000Z
【海外の反応 アニメ】宇宙よりも遠い場所 1話 よりもい アニメリアクション,pYFL2puvNN4,2019-10-10T08:00:05.000Z
【海外の反応 アニメ】 Beastars 1話 アニメリアクション,kJcpLA3BUDM,2019-10-09T09:18:35.000Z
【海外の反応 アニメ】 ヴィンランド・サガ 13話 Vinland Saga ep 13 アニメリアクション,PZEfcKmTE0M,2019-10-08T22:00:03.000Z
【海外の反応 アニメ】 SHIROBAKO 24話 アニメリアクション,IE4BTcUZZPY,2019-10-08T09:00:02.000Z
【海外の反応 アニメ】 SHIROBAKO 23話 アニメリアクション,RM7vArcx4H4,2019-10-08T02:30:00.000Z
【海外の反応 アニメ】 アフリカの サラリーマン 1話 African Salaryman アニメリアクション,7GXA6nsn3GU,2019-10-07T09:43:59.000Z
【海外の反応 アニメ】 だんまち 2期 12話 ダンジョンに出会いを求めるのは間違いだろうか アニメリアクション,mZGNU-fR960,2019-10-07T02:45:04.000Z
【海外の反応 アニメ】 旗揚！けものみち 1話 Hataage! Kemono Michi ep 1 アニメリアクション,g0Hk1oh7zUs,2019-10-04T09:31:10.000Z
【海外の反応 アニメ】 だんまち 2期 10話 ダンジョンに出会いを求めるのは間違いだろうか アニメリアクション,IugJe87rgbg,2019-10-03T09:00:02.000Z
【海外の反応 アニメ】 ケンガンアシュラ 2話 Kengan Ashura ep 2 アニメリアクション,0TzxIVPPQKk,2019-10-01T10:39:44.000Z
【海外の反応 アニメ】 だんまち 2期 8話 ダンジョンに出会いを求めるのは間違いだろうか アニメリアクション,Oyrm_Hiao1k,2019-09-30T22:00:02.000Z
【海外の反応 アニメ】 ヴィンランド・サガ 12話 Vinland Saga ep 12 アニメリアクション,PScBHt320dQ,2019-09-30T08:55:40.000Z
【海外の反応 アニメ】 鬼滅の刃 26話 Blade of demon destruction ep 26 アニメリアクション,BKwY5EyXg0w,2019-09-29T06:37:39.000Z
【海外の反応 アニメ】 ドクターストーン 13話 Dr Stone ep 13 アニメリアクション,8NJPWUpaxVw,2019-09-28T02:56:08.000Z
【海外の反応 アニメ】 ダンベル何キロ持てる 12話 How Heavy Are the Dumbbells You Lift 12 アニメリアクション,eoOYkd0LKpg,2019-09-26T11:52:52.000Z
【海外の反応 アニメ】 このすば 2期 9話 Konosuba II ep 9 アニメリアクション,YjLG7nYCQHk,2019-09-25T10:23:40.000Z
【海外の反応 アニメ】 ヴィンランド・サガ 11話 Vinland Saga ep 11 アニメリアクション,vdiODIfjmXY,2019-09-24T23:45:12.000Z
【海外の反応 アニメ】 ドクターストーン 12話 Dr Stone ep 12 アニメリアクション,3FZFAwrB4XI,2019-09-24T08:00:01.000Z
【海外の反応 アニメ】 鬼滅の刃 25話 Blade of demon destruction ep 25 アニメリアクション,frwP3u6WYSI,2019-09-23T23:11:41.000Z
【海外の反応 アニメ】 ドクターストーン 11話 Dr Stone ep 11 アニメリアクション,TcoNIVd-VVU,2019-09-21T21:00:00.000Z
【海外の反応 アニメ】 彼方のアストラ 12話 Astra Lost in Space ep 12 アニメリアクション,kNR-OBQ1C8Q,2019-09-19T11:25:41.000Z
【海外の反応 アニメ】 鬼滅の刃 24話 Blade of demon destruction ep 24 アニメリアクション,fZPGie-bBJc,2019-09-18T10:50:25.000Z
京都へ里帰り中！アップデートビデオ,d5y5KXVa494,2019-09-15T00:18:02.000Z
【海外の反応 アニメ】 このすば 2期 7話 Konosuba II ep 7 アニメリアクション,YoK4OkS1oCo,2019-09-14T01:30:00.000Z
【海外の反応 アニメ】 彼方のアストラ 10話 Astra Lost in Space ep 10 アニメリアクション,e0PDXSYoSx0,2019-09-10T09:00:07.000Z
【海外の反応 アニメ】 炎炎ノ消防隊 8話 Fire Force ep 8 アニメリアクション,pu7zeY1PF14,2019-09-09T21:00:05.000Z
【海外の反応 アニメ】 彼方のアストラ 9話 Astra Lost in Space ep 9 アニメリアクション,mZi6J2RnoIs,2019-09-09T10:13:14.000Z
【海外の反応 アニメ】 鬼滅の刃 23話 Blade of demon destruction ep 23 アニメリアクション,2xEmz1OSjZU,2019-09-08T00:58:05.000Z
【海外の反応 アニメ】 ダンベル何キロ持てる 9話 How Heavy Are the Dumbbells You Lift 9 アニメリアクション,3usS7ZRifp4,2019-09-07T00:23:21.000Z
【海外の反応 アニメ】 彼方のアストラ 7話 Astra Lost in Space ep 7 アニメリアクション,cVvo1Q89SKE,2019-09-05T20:00:06.000Z
【海外の反応 アニメ】 彼方のアストラ 6話 Astra Lost in Space ep 6 アニメリアクション,x8AWKAxXSWU,2019-09-05T08:00:15.000Z
【海外の反応 アニメ】 ドクターストーン 9話 Dr  Stone ep 9 アニメリアクション,1YiHPxoVRFc,2019-09-04T21:00:01.000Z
【海外の反応 アニメ】 ヴィンランド・サガ 8話 Vinland Saga ep 8 アニメリアクション,slSKNDtBpX0,2019-09-04T10:52:26.000Z
【海外の反応 アニメ】 ダンベル何キロ持てる 8話 How Heavy Are the Dumbbells You Lift 8 アニメリアクション,wBpQ5Fa07i0,2019-09-04T04:07:40.000Z
【海外の反応 アニメ】 鬼滅の刃 22話 Blade of demon destruction ep 22 アニメリアクション,txRF85rwQ1s,2019-09-02T11:18:31.000Z
【海外の反応 アニメ】 彼方のアストラ 5話 Astra Lost in Space ep 5 アニメリアクション,D1sXlwceOE4,2019-09-01T09:00:00.000Z
【海外の反応 アニメ】 炎炎ノ消防隊 6話 Fire Force ep 6 アニメリアクション,EmE-VjUI3Fg,2019-08-30T09:04:52.000Z
【海外の反応 アニメ】 ダンベル何キロ持てる 7話 How Heavy Are the Dumbbells You Lift 7 アニメリアクション,zXmHFvjjbww,2019-08-29T10:25:21.000Z
【海外の反応 アニメ】 ドクターストーン 7話 Dr  Stone ep 7 アニメリアクション,0722v2ueeO4,2019-08-29T08:00:02.000Z
【海外の反応 アニメ】 ヴィンランド・サガ 7話 Vinland Saga ep 7 アニメリアクション,KlxKr9eCpO8,2019-08-28T08:00:02.000Z
【海外の反応 アニメ】 鬼滅の刃 21話 Blade of demon destruction ep 21 アニメリアクション,p_yGL2HUoWA,2019-08-27T22:52:39.000Z
【海外の反応 アニメ】 だんまち 2期 5話 ダンジョンに出会いを求めるのは間違いだろうか アニメリアクション,e7T-6v5rrSE,2019-08-26T23:36:06.000Z
【海外の反応 アニメ】 ダンベル何キロ持てる 6話 How Heavy Are the Dumbbells You Lift 6 アニメリアクション,HJaek038X_c,2019-08-24T08:36:50.000Z
【海外の反応 アニメ】 ヴィンランド・サガ 5話 Vinland Saga ep 5 アニメリアクション,QDxm5dwG9-g,2019-08-21T21:56:00.000Z
【海外の反応 アニメ】 鬼滅の刃 20話 Blade of demon destruction ep 20 アニメリアクション,jU78_LDoBxI,2019-08-20T23:24:08.000Z
【海外の反応 アニメ】 鬼滅の刃 19話 Blade of demon destruction ep 19 アニメリアクション,rsomyyJjfeQ,2019-08-19T22:03:27.000Z
【海外の反応 アニメ】 このすば 2期 5話 Konosuba II ep 5 アニメリアクション,6TBDb1fYkcg,2019-08-13T09:00:01.000Z
【海外の反応 アニメ】 ヴァイオレット・エヴァーガーデン 14話 Violet Evergarden ep 14 アニメリアクション,X8qgc-3xJAo,2019-08-11T09:00:03.000Z
【海外の反応 アニメ】 このすば 2期 2話 Konosuba II ep 2 アニメリアクション,OjuKBraMbik,2019-08-08T09:00:03.000Z
【海外の反応 アニメ】 ヨルムンガンド 11話 Jormungand ep 11 アニメリアクション,qhVJgLcUO50,2019-08-06T21:00:06.000Z
【海外の反応 アニメ】 このすば 2期 1話 Konosuba II ep 1 アニメリアクション,CrqnaDakYiE,2019-08-06T09:00:04.000Z
【海外の反応 アニメ】 ヴァイオレット・エヴァーガーデン 13話 Violet Evergarden ep 13 アニメリアクション,g6XlkwDcM7I,2019-08-05T09:00:05.000Z
【海外の反応 アニメ】 鬼滅の刃 18話 Blade of demon destruction ep 18 アニメリアクション,GoIycTBzBJQ,2019-08-05T00:00:00.000Z
【海外の反応 アニメ】 だんまち 2期 4話 ダンジョンに出会いを求めるのは間違いだろうか アニメリアクション,Ln-lgRVLDUM,2019-08-04T03:00:01.000Z
【海外の反応 アニメ】 ドクターストーン 5話 Dr  Stone ep 5 アニメリアクション,VlDTZdKbgF0,2019-08-03T22:00:01.000Z
【海外の反応 アニメ】 ヴァイオレット・エヴァーガーデン 12話 Violet Evergarden ep 12 アニメリアクション,MFUS7bzK7fc,2019-08-03T09:00:05.000Z
【海外の反応 アニメ】 炎炎ノ消防隊 4話 Fire Force ep 4 アニメリアクション,AfP0hbUJl2I,2019-08-03T04:17:52.000Z
【海外の反応 アニメ】 ヨルムンガンド 9話 Jormungand ep 9 アニメリアクション,eXnH9w-TVaU,2019-08-02T09:00:09.000Z
【海外の反応 アニメ】 ケンガンアシュラ 1話 Kengan Ashura ep 1 アニメリアクション,OswErTS8av4,2019-08-01T22:00:02.000Z
【海外の反応 アニメ】 ダンベル何キロ持てる 5話 How Heavy Are the Dumbbells You Lift 5 アニメリアクション,rSeTLlSSOZI,2019-08-01T11:56:18.000Z
【海外の反応 アニメ】 ヨルムンガンド 8話 Jormungand ep 8 アニメリアクション,UQH28NYak4k,2019-07-31T22:00:05.000Z
【海外の反応 アニメ】 ソウナンですか 5話 Are You Lost ep 5 アニメリアクション,BvvzNQDoR38,2019-07-31T02:47:16.000Z
【海外の反応 アニメ】 Bem 3話 アニメリアクション,v7q-xlXVClM,2019-07-30T02:00:22.000Z
【海外の反応 アニメ】 ヴィンランド・サガ 4話 Vinland Saga ep 4 アニメリアクション,hCuGwTXdaME,2019-07-29T07:37:07.000Z
【海外の反応 アニメ】 ヨルムンガンド 7話 Jormungand ep 7 アニメリアクション,2dRguFXrtKg,2019-07-28T23:00:01.000Z
【海外の反応 アニメ】 鬼滅の刃 17話 Blade of demon destruction ep 17 アニメリアクション,PSgP0tJa_pA,2019-07-28T04:56:11.000Z
【海外の反応 アニメ】 だんまち 2期 3話 ダンジョンに出会いを求めるのは間違いだろうか アニメリアクション,nt1DpdUOY2U,2019-07-28T03:00:03.000Z
【海外の反応 アニメ】 ドクターストーン 4話 Dr  Stone ep 4 アニメリアクション,Ofe2nZZHsLM,2019-07-27T23:00:00.000Z
【海外の反応 アニメ】 炎炎ノ消防隊 3話 Fire Force ep 3 アニメリアクション,n2TEsTLWDQw,2019-07-27T06:00:02.000Z
【海外の反応 アニメ】 ヴァイオレット・エヴァーガーデン 10話 Violet Evergarden ep 10 アニメリアクション,65blNRlCJts,2019-07-27T02:00:01.000Z
【海外の反応 アニメ】 彼方のアストラ 4話 Astra Lost in Space ep 4 アニメリアクション,8q_tIVdVjpk,2019-07-26T02:00:00.000Z
【海外の反応 アニメ】 ダンベル何キロ持てる 4話 How Heavy Are the Dumbbells You Lift 4 アニメリアクション,P9J62A7mSOU,2019-07-25T10:30:15.000Z
【海外の反応 アニメ】 ヨルムンガンド 6話 Jormungand ep 6 アニメリアクション,G9iyPmqiF1E,2019-07-22T12:34:03.000Z
【海外の反応 アニメ】 鬼滅の刃 16話 Blade of demon destruction ep 16 アニメリアクション,PjwmGQ94hxQ,2019-07-21T11:09:50.000Z
【海外の反応 アニメ】 ヴァイオレット・エヴァーガーデン 9話 Violet Evergarden ep 9 アニメリアクション,s3_KRqTslTc,2019-07-21T00:58:38.000Z
【海外の反応 アニメ】 彼方のアストラ 3話 Astra Lost in Space ep 3 アニメリアクション,j3UgZr18SUI,2019-07-20T06:15:31.000Z
【海外の反応 アニメ】 だんまち 2期 2話 ダンジョンに出会いを求めるのは間違いだろうか アニメリアクション,ubPILqrer0g,2019-07-20T02:28:35.000Z
【海外の反応 アニメ】 ダンベル何キロ持てる 3話 How Heavy Are the Dumbbells You Lift 3 アニメリアクション,i9ZhjalNf5c,2019-07-19T13:45:19.000Z
誕生日プレゼントの開封動画     大感謝ビデオです！,6VQS_pVx4dI,2019-07-18T09:00:02.000Z
【海外の反応 アニメ】 ソウナンですか 3話 Are You Lost ep 3 アニメリアクション,X5naxtw9ABI,2019-07-17T23:00:02.000Z
【海外の反応 アニメ】 ありふれた職業で世界最強 2話 Arifureta ep 2 アニメリアクション,_9UFGgl294Y,2019-07-17T10:30:01.000Z
【海外の反応 アニメ】コップクラフト 2話 Copcraft ep 2 アニメリアクション,UZuSsLkGixg,2019-07-17T08:30:00.000Z
【海外の反応 アニメ】 彼方のアストラ 2話  Astra Lost in Space ep 2 アニメリアクション,gJ_g26j_Ixc,2019-07-15T05:24:05.000Z
【海外の反応 アニメ】 ヴィンランド・サガ 2話 Vinland Saga ep 2 アニメリアクション,vBTc7qV0wAA,2019-07-15T00:56:21.000Z
【海外の反応 アニメ】 鬼滅の刃 15話 Blade of demon destruction ep 15 アニメリアクション,YQPRh4SRa9c,2019-07-14T06:51:47.000Z
【海外の反応 アニメ】 だんまち 2期 1話 ダンジョンに出会いを求めるのは間違いだろうか アニメリアクション,GwVUfFT2J7g,2019-07-14T00:08:22.000Z
【海外の反応 アニメ】 炎炎ノ消防隊 2話 Fire Force ep 2 アニメリアクション,Q5nycXzSnzE,2019-07-13T22:00:02.000Z
【海外の反応 アニメ】 ドクターストーン 2話 Dr  Stone ep 2 アニメリアクション,gfNLMS5n1zA,2019-07-13T13:05:13.000Z
【海外の反応 アニメ】 彼方のアストラ 1話 パート2 Astra Lost in Space ep 1 part 2 アニメリアクション,wAZY79UPhew,2019-07-12T10:00:22.000Z
【海外の反応 アニメ】 彼方のアストラ 1話 パート1 Astra Lost in Space ep 1 part 1 アニメリアクション,QpqrxLIHiD4,2019-07-12T08:30:00.000Z
【海外の反応 アニメ】 ダンベル何キロ持てる 2話 How Heavy Are the Dumbbells You Lift 2 アニメリアクション,A8Pwe7QKJFs,2019-07-11T23:17:53.000Z
【海外の反応 アニメ】 化物語 14話 Bakemonogatari ep 14 アニメリアクション,Flsg3al-rpo,2019-07-11T10:30:00.000Z
【海外の反応 アニメ】 SHIROBAKO 15話 アニメリアクション,RnoiBSkXLCA,2019-07-11T08:30:02.000Z
【海外の反応 アニメ】 ソウナンですか 2話 Are You Lost ep 2 アニメリアクション,0QgwnSODzn4,2019-07-11T02:30:00.000Z
【海外の反応 アニメ】 ありふれた職業で世界最強 1話 Arifureta ep 1 アニメリアクション,UxJ_bzNpfjU,2019-07-10T11:47:42.000Z
【海外の反応 アニメ】 コップクラフト 1話 Copcraft ep 1 アニメリアクション,cvWjVSSrOEQ,2019-07-10T04:13:14.000Z
【海外の反応 アニメ】 ヨルムンガンド 5話 Jormungand ep 5 アニメリアクション,o0Nio2OLX70,2019-07-09T08:30:00.000Z
【海外の反応 アニメ】 だんまち 2期 0話 ダンジョンに出会いを求めるのは間違いだろうか アニメリアクション,LFDs52M0HnM,2019-07-08T08:30:00.000Z
【海外の反応 アニメ】 ヴィンランド・サガ 1話 Vinland Saga ep 1 アニメリアクション,1-bije1arDc,2019-07-08T02:15:53.000Z
【海外の反応 アニメ】 鬼滅の刃 14話 Blade of demon destruction ep 14 アニメリアクション,ODiLU5WHTxQ,2019-07-07T08:48:04.000Z
【海外の反応 アニメ】 ヴァイオレット・エヴァーガーデン 6話 Violet Evergarden ep 6 アニメリアクション,UprRkIOuGg0,2019-07-07T00:31:48.000Z
【海外の反応 アニメ】 炎炎ノ消防隊 1話 Fire Force ep 1 アニメリアクション,1VL4UZeJUU4,2019-07-06T09:43:39.000Z
【海外の反応 アニメ】 ドクターストーン 1話 Dr  Stone ep 1 アニメリアクション,eX5F1f6THP0,2019-07-06T07:49:23.000Z
【海外の反応 アニメ】 ソウナンですか 1話 Are You Lost ep 1 アニメリアクション,mRJLX8E0Y6k,2019-07-06T03:40:26.000Z
【海外の反応 アニメ】 化物語 13話 Bakemonogatari ep 13 アニメリアクション,U_0Pkc_45-M,2019-07-05T08:30:02.000Z
【海外の反応 アニメ】 ダンベル何キロ持てる 1話 How Heavy Are the Dumbbells You Lift 1 アニメリアクション,CkIUPqZ4MJo,2019-07-04T12:47:32.000Z
【海外の反応 アニメ】 ワンパンマン 2期 12話 One punch man season 2 episode 12 アニメリアクション,14BnXjM9jYs,2019-07-04T09:19:56.000Z
【海外の反応 アニメ】 ヴァイオレット・エヴァーガーデン 5話 Violet Evergarden ep 5 アニメリアクション,WOk5nqFM02A,2019-07-04T02:37:23.000Z
【海外の反応 アニメ】 かつて神だった獣たちへ 1話 To the Abandoned Sacred Beasts 1 アニメリアクション,iwZZgkKgswk,2019-07-03T02:08:05.000Z
【海外の反応 アニメ】 化物語 12話 Bakemonogatari ep 12 アニメリアクション,_9iZsSc_fsg,2019-07-02T10:00:03.000Z
【海外の反応 アニメ】 ヨルムンガンド 3話 Jormungand ep 3 アニメリアクション,_ptlUR02XR4,2019-07-02T08:30:01.000Z
【海外の反応 アニメ】 SHIROBAKO 13話 アニメリアクション,t9MduZf75lk,2019-07-02T02:44:23.000Z
【海外の反応 アニメ】 SHIROBAKO 12話 アニメリアクション,7rx6VtuwVmc,2019-07-01T07:39:26.000Z
【海外の反応 アニメ】 進撃の巨人 3期 2部 10話 59話 Attack on Titan season 3 part 2 episode 10 59 アニメリアクション,-DuyVPfcdo4,2019-07-01T02:29:44.000Z
【海外の反応 アニメ】 鬼滅の刃 13話 Blade of demon destruction ep 13 アニメリアクション,ucujrTZMXKg,2019-06-30T01:11:25.000Z
【海外の反応 アニメ】 ヨルムンガンド 2話 Yormungand ep 2 アニメリアクション,oamJCj4cFOU,2019-06-29T02:13:32.000Z
【海外の反応 アニメ】 異世界かるてっと 12話 最終話 Isekai Quartet ep 12 アニメリアクション,JQGmzMzGJyo,2019-06-27T11:57:08.000Z
【海外の反応 アニメ】 進撃の巨人 3期 2部 9話 58話 Attack on Titan season 3 part 2 episode 9 58  アニメリアクション,lcH1Yly2RSM,2019-06-24T13:31:10.000Z
【海外の反応 アニメ】 化物語 10話 Bakemonogatari 10 アニメリアクション,0owKEtyyLj4,2019-06-23T22:00:00.000Z
【海外の反応 アニメ】 鬼滅の刃 12話 Blade of demon destruction ep 12 アニメリアクション,7yGkIXrbxOE,2019-06-23T05:23:35.000Z
【海外の反応 アニメ】ヨルムンガンド 1話 Yormungand ep 1 アニメリアクション,GA6FQBJe4U4,2019-06-23T01:29:13.000Z
【海外の反応 アニメ】ヴァイオレット・エヴァーガーデン 3話 Violet Evergarden ep 3 アニメリアクション,uoZSXgkPiuo,2019-06-22T11:05:50.000Z
【海外の反応 アニメ】SHIROBAKO 9話 アニメリアクション,_LJ9owB2SE4,2019-06-22T08:09:59.000Z
【海外の反応 アニメ】 さらざんまい 最終話 11話 Sarazanmai ep 11 アニメリアクション,nMjMB0C2AJM,2019-06-21T14:20:24.000Z
【海外の反応 アニメ】 ヴァイオレット・エヴァーガーデン 2話 Violet Evergarden ep 2 アニメリアクション,kGpNYVW-6Ko,2019-06-20T08:30:00.000Z
【海外の反応 アニメ】 進撃の巨人 3期 2部 8話 57話 Attack on Titan season 3 part 2 episode 8 57  アニメリアクション,WGiVzGOlGkM,2019-06-17T13:02:51.000Z
【海外の反応 アニメ】 ヴァイオレット・エヴァーガーデン 1話 Violet Evergarden ep 1 アニメリアクション,NJAs1ne4220,2019-06-17T08:30:00.000Z
【海外の反応 アニメ】 鬼滅の刃 11話 Kimetsu no Yaiba ep 11 アニメリアクション,fj31geWl30s,2019-06-16T12:26:23.000Z
【海外の反応 アニメ】 ドリフターズ 14話 DRIFTERS ep 14 アニメリアクション,qTOlT66zWEo,2019-06-16T05:23:37.000Z
【海外の反応 アニメ】 ワンパンマン 9話 One Punch Man ep 9 アニメリアクション,JHdz0hTMSaY,2019-06-13T08:30:00.000Z
【海外の反応 アニメ】 鬼滅の刃 10話 Kimetsu no Yaiba ep 10 アニメリアクション,D91WRsCMOHk,2019-06-13T02:30:01.000Z
【海外の反応 アニメ】 ドリフターズ 13話 DRIFTERS ep 13 アニメリアクション,2LOBFtUxZbM,2019-06-06T19:43:11.000Z
【海外の反応 アニメ】 SHIROBAKO 7話 ep 7 アニメリアクション,ZaCwOfxOoKA,2019-06-06T03:37:19.000Z
【海外の反応 アニメ】 進撃の巨人 3期 2部 6話 55話 Attack on Titan season 3 part 2 episode 6 55  アニメリアクション,sYMKS8VEdMA,2019-06-05T00:51:33.000Z
【海外の反応 アニメ】 鬼滅の刃 9話 Kimetsu no Yaiba ep 9 手毬蹴鞠 アニメリアクション,G5qdUmGgD1Y,2019-06-03T18:58:44.000Z
【海外の反応 アニメ】 盾の勇者の成り上がり 21話 Shield Hero ep 21 決断のとき アニメリアクション,7sL0NMGMaog,2019-06-01T00:39:10.000Z
【海外の反応 アニメ】 ワンパンマン 8話 One Punch Man ep 8 怪人のちから アニメリアクション,-zbLACJsFBA,2019-05-31T09:00:00.000Z
【海外の反応 アニメ】 ドリフターズ 12話 Drifters ep 12 死んでも死なぬ アニメリアクション,F6xQwNjPfzI,2019-05-30T08:30:00.000Z
【海外の反応 アニメ】 進撃の巨人 3期 2部 5話 54話 Attack on Titan season 3 part 2 episode 5 54  アニメリアクション,M_oZyqf0kEg,2019-05-28T08:30:02.000Z
【海外の反応 アニメ】 鬼滅の刃 8話 Kimetsu no Yaiba ep 8 江戸の鬼 アニメリアクション,-S8WwvR1Rsg,2019-05-28T02:29:28.000Z
【海外の反応 アニメ】 化物語 7話 Bakemonogatari 7 猿か悪魔どっちも嫌や アニメリアクション,RLs7mC5_KiE,2019-05-24T13:40:20.000Z
【海外の反応 アニメ】OVA! このすば この素晴らしい世界に祝福を！ 11話 konosuba ep 11  放送禁止アニメ アニメリアクション,78w9QnaU77c,2019-05-24T08:52:10.000Z
【海外の反応 アニメ】 異世界かるてっと 7話 isekai quartet ep 7 約束されたビーチ遠足！ アニメリアクション,YZbsZctQuL0,2019-05-22T12:23:36.000Z
【海外の反応 アニメ】 化物語 6話 Bakemonogatari 6 夜道は危ないので気をつけましょう アニメリアクション,LNnW__xAZBc,2019-05-22T02:31:32.000Z
【海外の反応 アニメ】 進撃の巨人 3期 2部 4話 53話 Attack on Titan season 3 part 2 episode 4 53  アニメリアクション,f1KXrIE3vr0,2019-05-20T13:24:30.000Z
【海外の反応 アニメ】 鬼滅の刃 7話 Kimetsu no Yaiba ep 7 浅草のデビル アニメリアクション,mzCRhafkbnU,2019-05-20T02:14:52.000Z
【海外の反応 アニメ】 化物語 5話 Bakemonogatari 5 除霊 アニメリアクション,fPVgZBuy35w,2019-05-18T07:37:41.000Z
【海外の反応 アニメ】 SHIROBAKO 5話 高梨による自我の崩壊 アニメリアクション,idsIAub3GTg,2019-05-17T09:00:11.000Z
【海外の反応 アニメ】 進撃の巨人 3期 2部 3話 (52話) Attack on Titan season 3 part 2 episode 3 (52)  アニメリアクション,EuC1GdazJk4,2019-05-13T14:11:04.000Z
【海外の反応 アニメ】 鬼滅の刃 6話 Blade of Demon Destruction ep 6 初陣タイムだ！ アニメリアクション,q_A1mpprdYY,2019-05-13T03:56:28.000Z
【海外の反応 アニメ】 ドリフターズ 6話 Drifters ep 6 OPを歌ってみた アニメリアクション,owW2jP_Zd1o,2019-05-12T02:08:59.000Z
【海外の反応 アニメ】 ドリフターズ 4話 Drifters ep 4 我が国をつくろうではないか アニメリアクション,oWzuiEYQ-Gw,2019-05-09T13:07:47.000Z
【海外の反応 アニメ】 ドリフターズ 3話 Drifters ep 3 北壁はティッシュペーパーの如く破れた アニメリアクション,p1zIkSmfN48,2019-05-08T09:19:44.000Z
【海外の反応 アニメ】 賢者の孫 2話 Wise Man&#39;s Grandchild ep 2 完璧すぎる主人公の魔法学園ライフｗｗ アニメリアクション,GIwkeEG98Hc,2019-05-06T11:00:02.000Z
【海外の反応 アニメ】 賢者の孫 1話 Wise Man&#39;s Grandchild ep 1 これは異世界ものだったの？？？ アニメリアクション,_Gwpbl9ENxM,2019-05-06T02:05:41.000Z
【海外の反応 アニメ】 鬼滅の刃 5話 Blade of Demon Destruction ep 5 炭次郎は目利きじゃなくて鼻が利きだ・・・ アニメリアクション,3cHngHYn4lc,2019-05-05T14:27:18.000Z
【海外の反応 アニメ】 ドリフターズ 1話 Drifters ep 1 呪われた動画：侍ピープル アニメリアクション,LhDc3swO2ek,2019-05-05T12:50:10.000Z
【海外の反応 アニメ】 化物語 2話 Bakemonogatari ep 2 カニ様はおっかにィ～ なんちゃって アニメリアクション,LIe-yAM3SW4,2019-05-05T03:53:32.000Z
幼女戦記の劇場版は驚くほどの傑作！,KB65_5A0ZDc,2019-05-04T09:55:41.000Z
【海外の反応 アニメ】 幼女戦記 12話 Tanya the Evil ep 12 世界大戦の開幕 アニメリアクション,v3xqkkxGDAw,2019-05-03T05:57:55.000Z
【海外の反応 アニメ】 幼女戦記 11話 Tanya the Evil ep 11 戦争の勝利方法が重要 アニメリアクション,unlL88kCz0I,2019-05-01T22:00:05.000Z
【海外の反応 アニメ】 幼女戦記 10話 Tanya the Evil ep 10 ダンケルクの匂いがプンプンと アニメリアクション,mExsLdnafC8,2019-04-30T12:00:10.000Z
【海外の反応 アニメ】 鬼滅の刃 4話 Blade of Demon Destruction (Kimetsu no Yaiba) ep 4 先輩の敵を アニメリアクション,8avLjU3W0sE,2019-04-28T11:54:01.000Z
【海外の反応 アニメ】 化物語 1話 Bakemonogatari ep 1 不思議な世界へようこそ アニメリアクション,POmI1Bo1KzQ,2019-04-28T08:35:05.000Z
【海外の反応 アニメ】 幼女戦記 7話 Tanya the Evil ep 7 北欧の最後の息 アニメリアクション,8ENPDhC0tRs,2019-04-27T16:51:46.000Z
【海外の反応 アニメ】 幼女戦記 6話 ビールとポップコーン注意 Tanya the Evil ep 6 アニメリアクション,B9RnbpyNSgY,2019-04-26T03:13:10.000Z
【海外の反応 アニメ】進撃の巨人 3期 11話 48 Attack on titan 3 11 傍観者は役立たず アニメリアクション,e0k61SVpSAU,2019-04-25T14:02:53.000Z
【海外の反応 アニメ】 ワンパンマン 2期 3話 One punch man season 2 ep 3 最高のオチに大感謝 アニメリアクション,Svk3--lUcEs,2019-04-24T15:50:44.000Z
【海外の反応 アニメ】 鬼滅の刃 3話 Kimetsu no Yaiba ep 3 己の”意思”石を切れ アニメリアクション,cVqJgale9II,2019-04-23T09:00:11.000Z
【海外の反応 アニメ】 幼女戦記 5話 Tanya the Evil ep 5 肩慣らしと力見せ アニメリアクション,7iRGHdChGxA,2019-04-19T23:00:02.000Z
【海外の反応 アニメ】 幼女戦記 4話 Tanya the Evil ep 4 平和的な本部ライフの正しい楽しみ方 アニメリアクション,k_JKr4h65No,2019-04-19T09:00:04.000Z
【海外の反応 アニメ】 宝石の国 12話 Houseki no kuni 12 未回答の疑問 アニメリアクション Land of the Lustrous 12,u1naGY86620,2019-04-18T02:57:44.000Z
【海外の反応 アニメ】 幼女戦記 3話 Tanya the Evil ep 3 狂気な少女とマッド・サイエンティスト アニメリアクション,M2uj-olYHc0,2019-04-17T11:58:15.000Z
【海外の反応 アニメ】 ロビハチ 2話 robihachi ep 2 酢だことイカ塩辛ください アニメリアクション,yqgrvQz8BWA,2019-04-16T11:00:15.000Z
【海外の反応 アニメ】 幼女戦記 2話 Tanya the Evil 2 性格悪いサラリーマンの転生物語 アニメリアクション,O6A4hqwGAZE,2019-04-14T22:00:04.000Z
【海外の反応 アニメ】 鬼滅の刃 2話 Kimetsu no Yaiba 2 鬼殺隊の試験 アニメリアクション Blade of the Demon 2,J4ba-O3DyWs,2019-04-13T19:54:20.000Z
【海外の反応 アニメ】 さらざんまい 1話 Sarazanmai 1 かっぱを信じるな アニメリアクション,Ld3Iw-g_ERM,2019-04-12T13:22:15.000Z
【海外の反応 アニメ】 幼女戦記 1話 Tanye the Evil 1 ライン戦の化物 アニメリアクション,B88HxaUsf84,2019-04-12T02:32:41.000Z
【海外の反応 アニメ】 進撃の巨人 3期 8話   45話 王様に人類に牙を向けた日 アニメリアクション Attack on Titan Season 3 45,OjqIgWmN9hE,2019-04-11T09:00:03.000Z
【海外の反応 アニメ】 このすば 9話 Konosuba 9 この素晴らしい世界に祝福を！ YOUTUBEお願いだからチャンネルだけは許してくれ アニメリアクション,3SZrCAOSGTc,2019-04-11T03:00:00.000Z
【海外の反応 アニメ】 ワンパンマン 2期 1話 キングとサイタマは正反対の性格だけどマブダチ アニメリアクション One punch man season 2 ep 1,pi7XyEq7PwY,2019-04-10T03:00:04.000Z
【海外の反応 アニメ】 どろろ 13話 あなたの顔は食べたくなるほど可愛い アニメリアクション Dororo 13,YVlLHxAQ4DU,2019-04-08T16:44:07.000Z
【海外の反応 アニメ】 鬼滅の刃 1話 鬼の恐ろしさ アニメリアクション Kimetsu no Yaiba 1,EhxM6LKdu8E,2019-04-07T04:57:24.000Z
【海外の反応 アニメ】 宝石の国 7話 アンちゃんとフォスちゃんの冒険 アニメリアクション Land of the Lustrous 7,oXrm3V5PaGI,2019-04-06T16:50:01.000Z
【海外の反応 アニメ】 このすば 6話 この素晴らしい世界に祝福を！借金地獄へようこそ アニメリアクション Konosuba 6,UHXWXlTZuGE,2019-04-04T22:00:04.000Z
【海外の反応 アニメ】 このすば 5話 この素晴らしい世界に祝福を！魔剣の勇者の登場！ アニメリアクション Konosuba 5,stYb9QwdeLQ,2019-04-03T09:00:15.000Z
【海外の反応 アニメ】 このすば 4話 この素晴らしい世界に祝福を！近所迷惑 アニメリアクション Konosuba 4,VNaJcxGwZdY,2019-04-02T03:00:05.000Z
【海外の反応 アニメ】 このすば 3話 この素晴らしい世界に祝福を！ 私をもっと痛みつけて。。。 アニメリアクション Konosuba 3,cUxzQFq-FxA,2019-04-01T03:00:04.000Z
【海外の反応 アニメ】 宝石の国 2話 ダイアモンド族の奇妙な関係 アニメリアクション Land of the Lustrous 2,9aEMF6K3ykY,2019-03-31T22:00:01.000Z
【海外の反応 アニメ】 このすば 2話 この素晴らしい世界に祝福を！ 魔法少女めぐみ☆マギカ アニメリアクション Konosuba 2,f3AhWpnblY4,2019-03-30T22:00:05.000Z
【海外の反応 アニメ】 このすば 1話 この素晴らしい世界に祝福を！ 今日から俺は（下級冒険者）！ アニメリアクション Konosuba 1,oMedzIv8pAM,2019-03-30T07:00:04.000Z
【海外の反応 アニメ】 約束のネバーランド 12話 外の空気が吸いたい アニメリアクション Promised Neverland 12,29eZe2OQunQ,2019-03-29T14:28:12.000Z
【海外の反応 アニメ】 メイドインアビス 13話 ななちとミティー アニメリアクション Made in Abyss 13,3k7PeRE0FMc,2019-03-29T02:37:56.000Z
【海外の反応 アニメ】 メイドインアビス 12話 呪いの正体 アニメリアクション Made in Abyss 12,ag4bjGOvCuM,2019-03-28T04:19:05.000Z
【海外の反応 アニメ】 メイドインアビス 11話 なれはて アニメリアクション Made in Abyss 11,hoIKhrDfDXw,2019-03-27T22:00:03.000Z
【海外の反応 アニメ】 ケムリクサ 12話 たつきを信じろ アニメリアクション Kemurikusa 12,24Zz_4UociE,2019-03-27T18:03:39.000Z
【海外の反応 アニメ】 魔法少女 まどか☆マギカ 12話 全となる存在の名は アニメリアクション Madoka Magika 12,xXheoPet3PI,2019-03-27T03:00:04.000Z
【海外の反応 アニメ】 魔法少女 まどか☆マギカ 11話 ほむらとまどかの決意 アニメリアクション Madoka Magika 11,S0SInO5-fVo,2019-03-26T22:00:02.000Z
【海外の反応 アニメ】 メイドインアビス 10話 胸が痛い アニメリアクション Made in Abyss 10,GwQ3OvvPTWQ,2019-03-26T03:00:01.000Z
【海外の反応 アニメ】 どろろ 12話 母の決心と犠牲 アニメリアクション Dororo 12,_kWqbYAQAQY,2019-03-26T02:20:36.000Z
【海外の反応 アニメ】 魔法少女 まどか☆マギカ 10話 時とは無限ループ アニメリアクション Madoka Magika 10,L4cBm7DAj8M,2019-03-25T22:00:02.000Z
【海外の反応 アニメ】 夏目友人帳 2話 信仰者の拝み アニメリアクション Natsume Book of Friends 2,Ojc0QGAFz6U,2019-03-25T11:00:04.000Z
【海外の反応 アニメ】 魔法少女 まどか☆マギカ 9話 QBの誘惑 アニメリアクション Madoka Magika 9,ZXyJ4jxntic,2019-03-24T22:00:02.000Z
【海外の反応 アニメ】 魔法少女 まどか☆マギカ 8話 QBの後味はクリーミー アニメリアクション Madoka Magika 8,MDKsTNp-Neg,2019-03-23T22:00:00.000Z
【海外の反応 アニメ】 かぐや様は告らせたい 11話 ラーメン女王藤原書紀 アニメリアクション Kaguya sama 11,zzpzq0BURY0,2019-03-23T18:44:22.000Z
【海外の反応 アニメ】 魔法少女 まどか☆マギカ 6話 抜け殻の少女達 アニメリアクション Madoka Magika 6,WKV2YkbdK3s,2019-03-21T22:00:06.000Z
【海外の反応 アニメ】 ケムリクサ 11話 わかばが宇宙人設定？ アニメリアクション Kemurikusa 11,0n09cKb566g,2019-03-20T16:55:42.000Z
【海外の反応 アニメ】 夏目友人帳 1話 ニャンコ先生到来 アニメリアクション Natsume Yutencho season1 ep 1,L5iFhIrq3b4,2019-03-20T11:00:02.000Z
【海外の反応 アニメ】 魔法少女 まどか☆マギカ 4話 自己犠牲の道はよかったのかな アニメリアクション Madoka Magika 4,7l1lMumRLZE,2019-03-19T22:00:01.000Z
【海外の反応 アニメ】 魔法少女 まどか☆マギカ 3話 大食い魔女に注意しましょうや アニメリアクション Madoka Magika 3,Ex_PQ75RqWk,2019-03-18T22:00:00.000Z
【海外の反応 アニメ】 どろろ 11話 百鬼丸の正体の暴きと鬼神の隠された目的 アニメリアクション dororo 11,K6ROsKkcpqQ,2019-03-18T21:00:02.000Z
【海外の反応 アニメ】 メイドインアビス 1話 サイボーグとの出くわし アニメリアクション Made in Abyss 1,z8a_JE3D2Kk,2019-03-17T00:22:57.000Z
【海外の反応 アニメ】 魔法少女 まどか☆マギカ 1話 まずはなにこれ？？？といわせていただきたいｗ アニメリアクション Madoka Magika,UVWyHXSXniI,2019-03-16T23:25:34.000Z
【海外の反応 アニメ】 かぐや様は告らせたい 8話 試験は命取りになるぞ＆かぐや様のSM女王 アニメリアクション Kaguya sama Reaction,XKIKr_C489c,2019-03-15T11:00:09.000Z
【海外の反応 アニメ】 かぐや様は告らせたい 7話 恋愛のABCを覚えましょう！ アニメリアクション Kaguya sama Reaction,XwVYiFS5wmc,2019-03-15T07:00:05.000Z
【海外の反応 アニメ】 かぐや様は告らせたい 6話 恋の戦争に負けるやからは食われるのみ アニメリアクション Kaguya sama Reaction,NJXgTXlNNWI,2019-03-13T03:00:02.000Z
